{
  "9836134e-b892-4283-b6b2-78b5acf3ed45": {
    "asset": 1677306694584,
    "meta": 1677308247475,
    "relativePath": "effects"
  },
  "f8e6b000-5643-4b86-9080-aa680ce1f599": {
    "asset": 1677306694634,
    "meta": 1677308247475,
    "relativePath": "image"
  },
  "5c3eedba-6c41-4c0c-9ba7-d91f813cbd1c": {
    "asset": 1677306694639,
    "meta": 1677308247475,
    "relativePath": "materials"
  },
  "fc09f9bd-2cce-4605-b630-8145ef809ed6": {
    "asset": 1677306694647,
    "meta": 1677308247475,
    "relativePath": "misc"
  },
  "db019bf7-f71c-4111-98cf-918ea180cb48": {
    "asset": 1677306694680,
    "meta": 1677308247475,
    "relativePath": "model"
  },
  "f6e6dd15-71d1-4ffe-ace7-24fd39942c05": {
    "asset": 1677306694680,
    "meta": 1677308247475,
    "relativePath": "obsolete"
  },
  "f743d2b6-b7ea-4c14-a55b-547ed4d0a045": {
    "asset": 1677306694696,
    "meta": 1677308247475,
    "relativePath": "particle"
  },
  "ae6c6c98-11e4-452f-8758-75f5c6a56e83": {
    "asset": 1677306694785,
    "meta": 1677308247475,
    "relativePath": "prefab"
  },
  "d8afc78c-4eac-4a9f-83dd-67bc70344d33": {
    "asset": 1677306694825,
    "meta": 1677308247483,
    "relativePath": "resources"
  },
  "abc2cb62-7852-4525-a90d-d474487b88f2": {
    "asset": 1677306694572,
    "meta": 1677308247632,
    "relativePath": "effects\\builtin-phong.effect"
  },
  "e2f00085-c597-422d-9759-52c360279106": {
    "asset": 1677306694572,
    "meta": 1677308247708,
    "relativePath": "effects\\builtin-toon.effect"
  },
  "430eccbf-bf2c-4e6e-8c0c-884bbb487f32": {
    "asset": 1677306694578,
    "meta": 1677308247724,
    "relativePath": "effects\\__builtin-editor-gizmo-line.effect"
  },
  "6c5cf6e1-b044-4eac-9431-835644d57381": {
    "asset": 1677306694580,
    "meta": 1677308247730,
    "relativePath": "effects\\__builtin-editor-gizmo-unlit.effect"
  },
  "115286d1-2e10-49ee-aab4-341583f607e8": {
    "asset": 1677306694580,
    "meta": 1677308247772,
    "relativePath": "effects\\__builtin-editor-gizmo.effect"
  },
  "e851e89b-faa2-4484-bea6-5c01dd9f06e2": {
    "asset": 1677306694592,
    "meta": 1677308247830,
    "relativePath": "image\\default_btn_normal.png"
  },
  "edd215b9-2796-4a05-aaf5-81f96c9281ce": {
    "asset": 1677306694596,
    "meta": 1677308247834,
    "relativePath": "image\\default_editbox_bg.png"
  },
  "71561142-4c83-4933-afca-cb7a17f67053": {
    "asset": 1677306694591,
    "meta": 1677308247835,
    "relativePath": "image\\default_btn_disabled.png"
  },
  "d81ec8ad-247c-4e62-aa3c-d35c4193c7af": {
    "asset": 1677306694596,
    "meta": 1677308247841,
    "relativePath": "image\\default_panel.png"
  },
  "b43ff3c2-02bb-4874-81f7-f2dea6970f18": {
    "asset": 1677306694596,
    "meta": 1677308247843,
    "relativePath": "image\\default_btn_pressed.png"
  },
  "cfef78f1-c8df-49b7-8ed0-4c953ace2621": {
    "asset": 1677306694596,
    "meta": 1677308247845,
    "relativePath": "image\\default_progressbar.png"
  },
  "99170b0b-d210-46f1-b213-7d9e3f23098a": {
    "asset": 1677306694605,
    "meta": 1677308247845,
    "relativePath": "image\\default_progressbar_bg.png"
  },
  "600301aa-3357-4a10-b086-84f011fa32ba": {
    "asset": 1677306694589,
    "meta": 1677308247854,
    "relativePath": "image\\default-particle.png"
  },
  "567dcd80-8bf4-4535-8a5a-313f1caf078a": {
    "asset": 1677306694605,
    "meta": 1677308247878,
    "relativePath": "image\\default_radio_button_off.png"
  },
  "9d60001f-b5f4-4726-a629-2659e3ded0b8": {
    "asset": 1677306694611,
    "meta": 1677308247884,
    "relativePath": "image\\default_radio_button_on.png"
  },
  "4bab67cb-18e6-4099-b840-355f0473f890": {
    "asset": 1677306694616,
    "meta": 1677308247888,
    "relativePath": "image\\default_scrollbar_bg.png"
  },
  "0291c134-b3da-4098-b7b5-e397edbe947f": {
    "asset": 1677306694612,
    "meta": 1677308247893,
    "relativePath": "image\\default_scrollbar.png"
  },
  "e39e96e6-6f6e-413f-bcf1-ac7679bb648a": {
    "asset": 1677306694673,
    "meta": 1677308247905,
    "relativePath": "model\\prefab"
  },
  "d6d3ca85-4681-47c1-b5dd-d036a9d39ea2": {
    "asset": 1677306694616,
    "meta": 1677308247897,
    "relativePath": "image\\default_scrollbar_vertical.png"
  },
  "0275e94c-56a7-410f-bd1a-fc7483f7d14a": {
    "asset": 1677306694624,
    "meta": 1677308247900,
    "relativePath": "image\\default_sprite_splash.png"
  },
  "c4480a0a-6ac5-443f-8b40-361a14257fc8": {
    "asset": 1677306694639,
    "meta": 1677308248500,
    "relativePath": "materials\\builtin-phong.mtl"
  },
  "617323dd-11f4-4dd3-8eec-0caf6b3b45b9": {
    "asset": 1677306694619,
    "meta": 1677308247903,
    "relativePath": "image\\default_scrollbar_vertical_bg.png"
  },
  "6e056173-d285-473c-b206-40a7fff5386e": {
    "asset": 1677306694619,
    "meta": 1677308247909,
    "relativePath": "image\\default_sprite.png"
  },
  "b181c1e4-0a72-4a91-bfb0-ae6f36ca60bd": {
    "asset": 1677306694634,
    "meta": 1677308247947,
    "relativePath": "image\\default_toggle_pressed.png"
  },
  "c25b9d50-c8fc-4d27-beeb-6e7c1f2e5c0f": {
    "asset": 1677306694629,
    "meta": 1677308247951,
    "relativePath": "image\\default_toggle_disabled.png"
  },
  "2be36297-9abb-4fee-8049-9ed5e271da8a": {
    "asset": 1677306694647,
    "meta": 1677308247962,
    "relativePath": "misc\\default_video.mp4"
  },
  "897ef7a1-4860-4f64-968d-f5924b18668a": {
    "asset": 1677306694700,
    "meta": 1677308247969,
    "relativePath": "prefab\\2d-camera.prefab"
  },
  "73a0903d-d80e-4e3c-aa67-f999543c08f5": {
    "asset": 1677306694626,
    "meta": 1677308247951,
    "relativePath": "image\\default_toggle_checkmark.png"
  },
  "70d7cdb0-04cd-41bb-9480-c06a4785f386": {
    "asset": 1677306694700,
    "meta": 1677308247972,
    "relativePath": "prefab\\3d-camera.prefab"
  },
  "70bbeb73-6dc2-4ee4-8faf-76b3a0e34ec4": {
    "asset": 1677306694704,
    "meta": 1677308247975,
    "relativePath": "prefab\\3d-particle.prefab"
  },
  "d29077ba-1627-4a72-9579-7b56a235340c": {
    "asset": 1677306694631,
    "meta": 1677308247958,
    "relativePath": "image\\default_toggle_normal.png"
  },
  "ed88f13d-fcad-4848-aa35-65a2cb973584": {
    "asset": 1677306694708,
    "meta": 1677308247980,
    "relativePath": "prefab\\3d-stage.prefab"
  },
  "a3ee0214-b432-4865-9666-4a3211814282": {
    "asset": 1677306694736,
    "meta": 1677308247984,
    "relativePath": "prefab\\light"
  },
  "972b9a4d-47ee-4c74-b5c3-61d8a69bc29f": {
    "asset": 1677306694711,
    "meta": 1677308247988,
    "relativePath": "prefab\\button.prefab"
  },
  "8a96b965-2dc0-4e03-aa90-3b79cb93b5b4": {
    "asset": 1677306694680,
    "meta": 1677308247983,
    "relativePath": "obsolete\\atom.png"
  },
  "2c937608-2562-40ea-b264-7395df6f0cea": {
    "asset": 1677306694713,
    "meta": 1677308247991,
    "relativePath": "prefab\\canvas.prefab"
  },
  "61aeb05b-3b32-452b-8eed-2b76deeed554": {
    "asset": 1677306694716,
    "meta": 1677308247999,
    "relativePath": "prefab\\editbox.prefab"
  },
  "27756ebb-3d33-44b0-9b96-e858fadd4dd4": {
    "asset": 1677306694719,
    "meta": 1677308248000,
    "relativePath": "prefab\\label.prefab"
  },
  "785a442c-3ceb-45be-a46e-7317f625f3b9": {
    "asset": 1677306694722,
    "meta": 1677308248000,
    "relativePath": "prefab\\layout.prefab"
  },
  "d0a82d39-bede-46c4-b698-c81ff0dedfff": {
    "asset": 1677306694695,
    "meta": 1677308247991,
    "relativePath": "particle\\atom.png"
  },
  "ca8401fe-ad6e-41a8-bd46-8e3e4e9945be": {
    "asset": 1677306694738,
    "meta": 1677308248007,
    "relativePath": "prefab\\pageview.prefab"
  },
  "cd33edea-55f5-46c2-958d-357a01384a36": {
    "asset": 1677306694738,
    "meta": 1677308248007,
    "relativePath": "prefab\\particlesystem.prefab"
  },
  "5965ffac-69da-4b55-bcde-9225d0613c28": {
    "asset": 1677306694747,
    "meta": 1677308248015,
    "relativePath": "prefab\\progressBar.prefab"
  },
  "4a37dd57-78cd-4cec-aad4-f11a73d12b63": {
    "asset": 1677306694747,
    "meta": 1677308248015,
    "relativePath": "prefab\\richtext.prefab"
  },
  "32044bd2-481f-4cf1-a656-e2b2fb1594eb": {
    "asset": 1677306694753,
    "meta": 1677308248023,
    "relativePath": "prefab\\scrollview.prefab"
  },
  "96083d03-c332-4a3f-9386-d03e2d19e8ee": {
    "asset": 1677306694759,
    "meta": 1677308248023,
    "relativePath": "prefab\\sprite.prefab"
  },
  "0004d1cf-a0ad-47d8-ab17-34d3db9d35a3": {
    "asset": 1677306694756,
    "meta": 1677308248031,
    "relativePath": "prefab\\slider.prefab"
  },
  "1f55e3be-b89b-4b79-88de-47fd31018044": {
    "asset": 1677306694764,
    "meta": 1677308248035,
    "relativePath": "prefab\\sprite_splash.prefab"
  },
  "7de03a80-4457-438d-95a7-3e7cdffd6086": {
    "asset": 1677306694767,
    "meta": 1677308248036,
    "relativePath": "prefab\\tiledmap.prefab"
  },
  "294c1663-4adf-4a1e-a795-53808011a38a": {
    "asset": 1677306694822,
    "meta": 1677308248042,
    "relativePath": "resources\\effects"
  },
  "bbee2217-c261-49bd-a8ce-708d6bcc3500": {
    "asset": 1677306694858,
    "meta": 1677308248043,
    "relativePath": "resources\\materials"
  },
  "0e42ba95-1fa1-46aa-b2cf-143cd1bcee2c": {
    "asset": 1677306694769,
    "meta": 1677308248046,
    "relativePath": "prefab\\tiledtile.prefab"
  },
  "0d784963-d024-4ea6-a7db-03be0ad63010": {
    "asset": 1677306694771,
    "meta": 1677308248048,
    "relativePath": "prefab\\toggle.prefab"
  },
  "bf0a434c-84dd-4a8e-a08a-7a36f180cc75": {
    "asset": 1677306694771,
    "meta": 1677308248053,
    "relativePath": "prefab\\toggleContainer.prefab"
  },
  "d1b8be49-b0a0-435c-83b7-552bed4bbe35": {
    "asset": 1677306694781,
    "meta": 1677308248059,
    "relativePath": "prefab\\toggleGroup.prefab"
  },
  "232d2782-c4bd-4bb4-9e01-909f03d6d3b9": {
    "asset": 1677306694782,
    "meta": 1677308248059,
    "relativePath": "prefab\\videoplayer.prefab"
  },
  "8c5001fd-07ee-4a4b-a8a0-63e15195e94d": {
    "asset": 1677306694785,
    "meta": 1677308248064,
    "relativePath": "prefab\\webview.prefab"
  },
  "a87cc147-01b2-43f8-8e42-a7ca90b0c757": {
    "asset": 1677306694651,
    "meta": 1677308248069,
    "relativePath": "model\\prefab\\box.prefab"
  },
  "fe1417b6-fe6b-46a4-ae7c-9fd331f33a2a": {
    "asset": 1677306694652,
    "meta": 1677308248074,
    "relativePath": "model\\prefab\\capsule.prefab"
  },
  "b5fc2cf2-7942-483d-be1f-bbeadc4714ad": {
    "asset": 1677306694652,
    "meta": 1677308248078,
    "relativePath": "model\\prefab\\cone.prefab"
  },
  "1c5e4038-953a-44c2-b620-0bbfc6170477": {
    "asset": 1677306694658,
    "meta": 1677308248080,
    "relativePath": "model\\prefab\\cylinder.prefab"
  },
  "6c9ef10d-b479-420b-bfe6-39cdda6a8ae0": {
    "asset": 1677306694664,
    "meta": 1677308248084,
    "relativePath": "model\\prefab\\quad.prefab"
  },
  "3f376125-a699-40ca-ad05-04d662eaa1f2": {
    "asset": 1677306694662,
    "meta": 1677308248090,
    "relativePath": "model\\prefab\\plane.prefab"
  },
  "30682f87-9f0d-4f17-8a44-72863791461b": {
    "asset": 1677306694791,
    "meta": 1677308248106,
    "relativePath": "resources\\effects\\builtin-2d-graphics.effect"
  },
  "144c3297-af63-49e8-b8ef-1cfa29b3be28": {
    "asset": 1677306694791,
    "meta": 1677308248126,
    "relativePath": "resources\\effects\\builtin-2d-gray-sprite.effect"
  },
  "2d9a4b85-b0ab-4c46-84c5-18f393ab2058": {
    "asset": 1677306694670,
    "meta": 1677308248129,
    "relativePath": "model\\prefab\\sphere.prefab"
  },
  "f18742d7-56d2-4eb5-ae49-2d9d710b37c8": {
    "asset": 1677306694799,
    "meta": 1677308248142,
    "relativePath": "resources\\effects\\builtin-2d-label.effect"
  },
  "0e93aeaa-0b53-4e40-b8e0-6268b4e07bd7": {
    "asset": 1677306694805,
    "meta": 1677308248154,
    "relativePath": "resources\\effects\\builtin-2d-spine.effect"
  },
  "2874f8dd-416c-4440-81b7-555975426e93": {
    "asset": 1677306694806,
    "meta": 1677308248161,
    "relativePath": "resources\\effects\\builtin-2d-sprite.effect"
  },
  "de510076-056b-484f-b94c-83bef217d0e1": {
    "asset": 1677306694673,
    "meta": 1677308248169,
    "relativePath": "model\\prefab\\torus.prefab"
  },
  "829a282c-b049-4019-bd38-5ace8d8a6417": {
    "asset": 1677306694806,
    "meta": 1677308248277,
    "relativePath": "resources\\effects\\builtin-3d-particle.effect"
  },
  "2a7c0036-e0b3-4fe1-8998-89a54b8a2bec": {
    "asset": 1677306694813,
    "meta": 1677308248305,
    "relativePath": "resources\\effects\\builtin-3d-trail.effect"
  },
  "c0040c95-c57f-49cd-9cbc-12316b73d0d4": {
    "asset": 1677306694813,
    "meta": 1677308248319,
    "relativePath": "resources\\effects\\builtin-clear-stencil.effect"
  },
  "6d91e591-4ce0-465c-809f-610ec95019c6": {
    "asset": 1677306694820,
    "meta": 1677308248351,
    "relativePath": "resources\\effects\\builtin-unlit.effect"
  },
  "61906da3-7003-4bda-9abc-5769c76faee4": {
    "asset": 1677306694725,
    "meta": 1677308248359,
    "relativePath": "prefab\\light\\ambient.prefab"
  },
  "ddb99b39-7004-47cd-9705-751905c43c46": {
    "asset": 1677306694730,
    "meta": 1677308248369,
    "relativePath": "prefab\\light\\directional.prefab"
  },
  "f5331fd2-bf42-4ee3-a3fd-3e1657600eff": {
    "asset": 1677306694736,
    "meta": 1677308248372,
    "relativePath": "prefab\\light\\spot.prefab"
  },
  "0cf30284-9073-46bc-9eba-e62b69dbbff3": {
    "asset": 1677306694734,
    "meta": 1677308248376,
    "relativePath": "prefab\\light\\point.prefab"
  },
  "6f801092-0c37-4f30-89ef-c8d960825b36": {
    "asset": 1677306694825,
    "meta": 1677308248550,
    "relativePath": "resources\\materials\\builtin-2d-base.mtl"
  },
  "a153945d-2511-4c14-be7b-05d242f47d57": {
    "asset": 1677306694831,
    "meta": 1677308248550,
    "relativePath": "resources\\materials\\builtin-2d-graphics.mtl"
  },
  "3a7bb79f-32fd-422e-ada2-96f518fed422": {
    "asset": 1677306694833,
    "meta": 1677308248550,
    "relativePath": "resources\\materials\\builtin-2d-gray-sprite.mtl"
  },
  "e02d87d4-e599-4d16-8001-e14891ac6506": {
    "asset": 1677306694836,
    "meta": 1677308248550,
    "relativePath": "resources\\materials\\builtin-2d-label.mtl"
  },
  "7afd064b-113f-480e-b793-8817d19f63c3": {
    "asset": 1677306694839,
    "meta": 1677308248556,
    "relativePath": "resources\\materials\\builtin-2d-spine.mtl"
  },
  "432fa09c-cf03-4cff-a186-982604408a07": {
    "asset": 1677306694845,
    "meta": 1677308248556,
    "relativePath": "resources\\materials\\builtin-3d-particle.mtl"
  },
  "eca5d2f2-8ef6-41c2-bbe6-f9c79d09c432": {
    "asset": 1677306694843,
    "meta": 1677308248556,
    "relativePath": "resources\\materials\\builtin-2d-sprite.mtl"
  },
  "466d4f9b-e5f4-4ea8-85d5-3c6e9a65658a": {
    "asset": 1677306694850,
    "meta": 1677308248556,
    "relativePath": "resources\\materials\\builtin-3d-trail.mtl"
  },
  "cf7e0bb8-a81c-44a9-ad79-d28d43991032": {
    "asset": 1677306694854,
    "meta": 1677308248556,
    "relativePath": "resources\\materials\\builtin-clear-stencil.mtl"
  },
  "2a296057-247c-4a1c-bbeb-0548b6c98650": {
    "asset": 1677306694858,
    "meta": 1677308248563,
    "relativePath": "resources\\materials\\builtin-unlit.mtl"
  },
  "b2687ac4-099e-403c-a192-ff477686f4f5": {
    "asset": 1677306694692,
    "meta": 1677308248582,
    "relativePath": "particle\\atom.plist"
  },
  "b8223619-7e38-47c4-841f-9160c232495a": {
    "asset": 1677306694680,
    "meta": 1677308248584,
    "relativePath": "obsolete\\atom.plist"
  },
  "954fec8b-cd16-4bb9-a3b7-7719660e7558": {
    "asset": 1677306694680,
    "meta": 1677308252804,
    "relativePath": "model\\primitives.fbx"
  },
  "f7448499-c532-4162-900a-fb3050491281": {
    "asset": 1677411803419,
    "meta": 1677411803428,
    "relativePath": "scene\\Test.fire"
  },
  "de518c85-4ae6-47b8-8e99-24691f0ed826": {
    "asset": 1677337009305,
    "meta": 1677392012765,
    "relativePath": "Assets"
  },
  "1db53cf4-a07a-4471-bcc3-2debe290887c": {
    "asset": 1677309288025,
    "meta": 1677309315909,
    "relativePath": "Assets\\blockTransp.png"
  },
  "8f833a5f-5bcd-487f-b3f2-5009c99d9a27": {
    "asset": 1677308585846,
    "meta": 1677312906371,
    "relativePath": "scene"
  },
  "c19e84f7-b120-4429-bd69-63a991dd130a": {
    "asset": 1677315765688,
    "meta": 1677392012768,
    "relativePath": "script"
  },
  "8904cc95-0b1c-43b5-a78f-74d2cfd08f53": {
    "asset": 1677320300105,
    "meta": 1677392012765,
    "relativePath": "prefabs"
  },
  "7783efd6-922c-4b43-b162-b3030a16428f": {
    "asset": 1677410582150,
    "meta": 1677410582171,
    "relativePath": "prefabs\\card.prefab"
  },
  "ab039cb6-c359-491f-98f7-5aae55b93ec4": {
    "asset": 1677318601504,
    "meta": 1677337009391,
    "relativePath": "Assets\\card_back_alt.png"
  },
  "0b1ebd31-c530-448a-8135-fffd0401e504": {
    "asset": 1677318601488,
    "meta": 1677337009393,
    "relativePath": "Assets\\card_back.png"
  },
  "3a94d191-6db9-4cc7-aae6-0d7366797a8a": {
    "asset": 1677393861117,
    "meta": 1677393980789,
    "relativePath": "script\\main.ts"
  },
  "2924dfcd-1c92-499a-8e73-fecee1a95d9c": {
    "asset": 1677410271445,
    "meta": 1677410305192,
    "relativePath": "Assets\\highlightimg.png"
  },
  "609889c9-aae8-4ae8-8e77-643bec3c9f07": {
    "asset": 1677411813097,
    "meta": 1677411814439,
    "relativePath": "script\\GameManger.ts"
  }
}