{
  "version": "1.1.1",
  "windows": {
    "main": {
      "main": true,
      "url": "app://editor/index.html",
      "windowType": "dockable",
      "x": -7,
      "y": -7,
      "width": 1349,
      "height": 723,
      "layout": {
        "type": "dock-h",
        "children": [
          {
            "width": 208,
            "height": 599.2608642578125,
            "type": "dock-v",
            "children": [
              {
                "width": 208,
                "height": 301.13043212890625,
                "type": "panel",
                "active": 0,
                "children": [
                  "hierarchy"
                ]
              },
              {
                "width": 208,
                "height": 295.13043212890625,
                "type": "panel",
                "active": 0,
                "children": [
                  "assets"
                ]
              }
            ]
          },
          {
            "width": 767.021728515625,
            "height": 599.2608642578125,
            "type": "dock-v",
            "children": [
              {
                "width": 767.021728515625,
                "height": 310.13043212890625,
                "type": "panel",
                "active": 0,
                "children": [
                  "scene"
                ]
              },
              {
                "width": 767.021728515625,
                "height": 286.13043212890625,
                "type": "panel",
                "active": 2,
                "children": [
                  "console",
                  "timeline",
                  "game-window",
                  "node-library"
                ]
              }
            ]
          },
          {
            "width": 308.0108642578125,
            "height": 599.2608642578125,
            "type": "panel",
            "active": 0,
            "children": [
              "inspector",
              "cocos-services"
            ]
          }
        ]
      },
      "panels": [
        "hierarchy",
        "assets",
        "scene",
        "console",
        "timeline",
        "game-window",
        "node-library",
        "inspector",
        "cocos-services"
      ]
    },
    "window-1677411817573": {}
  },
  "panels": {
    "project-settings": {
      "x": 378,
      "y": 75,
      "width": 598,
      "height": 560
    },
    "preferences": {
      "x": 378,
      "y": 75,
      "width": 598,
      "height": 560
    },
    "builder": {
      "x": 401,
      "y": 0,
      "width": 519,
      "height": 713
    }
  },
  "panelLabelWidth": {}
}
